1731533,/mobile/video/av1731533.html,2016-10-10 08:45:35
1735756,/mobile/video/av1735756.html1001,2016-10-10 21:00:00
1735756,/mobile/video/av1735756.html1001,2016-10-10 21:00:00
2351990,/mobile/video/av2351990.html,2016-10-10 01:34:00
2740496,/mobile/video/av2740496.html,2016-10-10 15:13:41
2798895,/mobile/video/av2798895.html,2016-10-10 11:34:12
2852937,/mobile/video/av2852937.html,2016-10-10 22:14:29
2878707,/mobile/video/av2878707.html,2016-10-10 17:34:13
2998822,/mobile/video/av2998822.html,2016-10-10 22:31:00
3305936,/mobile/video/av3305936.html,2016-10-10 23:04:29
389877,/mobile/video/av389877.html,2016-10-10 14:10:10
4648456,/mobile/video/av4648456.html,2016-10-10 08:33:45
5392112,/mobile/video/av5392112.html,2016-10-10 18:59:14
5614579,/mobile/video/av5614579.html,2016-10-10 08:21:42
5653291,/mobile/video/av5653291.html,2016-10-10 00:29:34
5790762,/mobile/video/av5790762.html,2016-10-10 18:43:26
5790762,/mobile/video/av5790762.html,2016-10-10 02:05:18
5981973,/mobile/video/av5981973.html,2016-10-10 19:31:45
5981973,/mobile/video/av5981973.html,2016-10-10 12:13:56
5981973,/mobile/video/av5981973.html,2016-10-10 15:38:25
5981973,/mobile/video/av5981973.html,2016-10-10 11:29:26
5981973,/mobile/video/av5981973.html,2016-10-10 21:27:28
5981973,/mobile/video/av5981973.html,2016-10-10 02:03:04
6092308,/mobile/video/av6092308.html,2016-10-10 12:59:24
6215110,/mobile/video/av6215110.html,2016-10-10 13:16:37
6300751,/mobile/video/av6300751.html,2016-10-10 02:24:27
6402020,/mobile/video/av6402020.html,2016-10-10 23:38:59
6449135,/mobile/video/av6449135.html,2016-10-10 00:21:58
6449135,/mobile/video/av6449135.html,2016-10-10 00:30:48
6518292,/mobile/video/av6518292.html,2016-10-10 16:25:32
6519648,/mobile/video/av6519648.html,2016-10-10 04:49:51
6531189,/mobile/video/av6531189.html,2016-10-10 18:49:01
6537314,/mobile/video/av6537314.html,2016-10-10 04:51:29
6540739,/mobile/video/av6540739.html,2016-10-10 02:20:42
6559054,/mobile/video/av6559054.html,2016-10-10 02:09:56
6594604,/mobile/video/av6594604.html,2016-10-10 18:53:21
6603305,/mobile/video/av6603305.html,2016-10-10 10:38:47
6611447,/mobile/video/av6611447.html,2016-10-10 14:20:45
1539163,/video/av1539163/,2016-10-10 17:32:14
1599515,/video/av1599515/,2016-10-10 23:59:15
1735756,/video/av1735756/,2016-10-10 10:48:48
2249631,/video/av2249631/,2016-10-10 15:54:42
2249631,/video/av2249631/,2016-10-10 15:52:25
2249631,/video/av2249631/,2016-10-10 15:51:17
2249631,/video/av2249631/,2016-10-10 15:50:25
2249631,/video/av2249631/,2016-10-10 21:39:47
2249631,/video/av2249631/,2016-10-10 15:56:08
2249631,/video/av2249631/,2016-10-10 15:17:21
2249631,/video/av2249631/,2016-10-10 21:36:18
2774426,/video/av2774426/,2016-10-10 00:50:47
2798895,/video/av2798895/,2016-10-10 11:34:12
2846479,/video/av2846479/,2016-10-10 21:52:39
2998822,/video/av2998822/,2016-10-10 23:00:07
3026678,/video/av3026678/,2016-10-10 01:13:59
306387,/video/av306387/,2016-10-10 17:07:40
3189088,/video/av3189088/,2016-10-10 20:23:56
3498484,/video/av3498484/,2016-10-10 09:49:05
3511255,/video/av3511255/,2016-10-10 04:03:50
4843932,/video/av4843932/,2016-10-10 01:08:45
5042528,/video/av5042528/,2016-10-10 21:06:52
5108529,/video/av5108529,2016-10-10 14:10:38
5775603,/video/av5775603,2016-10-10 15:17:26
5775603,/video/av5775603/,2016-10-10 17:19:48
5790762,/video/av5790762/,2016-10-10 07:55:39
5790762,/video/av5790762/,2016-10-10 07:54:28
5876710,/video/av5876710,2016-10-10 16:28:20
5981973,/video/av5981973/,2016-10-10 21:27:15
5981973,/video/av5981973/,2016-10-10 17:53:16
6013219,/video/av6013219/,2016-10-10 09:44:44
6211760,/video/av6211760/,2016-10-10 17:36:01
6211760,/video/av6211760,2016-10-10 16:42:26
6216307,/video/av6216307/,2016-10-10 00:37:25
6308130,/video/av6308130/,2016-10-10 08:32:44
6397722,/video/av6397722/,2016-10-10 15:19:41
6397722,/video/av6397722/,2016-10-10 15:20:17
6397722,/video/av6397722/,2016-10-10 15:24:37
6397722,/video/av6397722/,2016-10-10 15:23:57
6397722,/video/av6397722/,2016-10-10 15:22:08
6397722,/video/av6397722/,2016-10-10 15:21:30
6397722,/video/av6397722/,2016-10-10 15:22:45
6397722,/video/av6397722/,2016-10-10 15:23:03
6402020,/video/av6402020/,2016-10-10 17:56:42
6443339,/video/av6443339/,2016-10-10 04:51:51
6449135,/video/av6449135/,2016-10-10 00:21:57
6460119,/video/av6460119,2016-10-10 14:18:37
6502621,/video/av6502621,2016-10-10 22:55:39
6504463,/video/av6504463/,2016-10-10 21:29:44
6519648,/video/av6519648/,2016-10-10 04:49:50
6537314,/video/av6537314/,2016-10-10 04:51:29
6557574,/video/av6557574/,2016-10-10 14:18:01
6564964,/video/av6564964,2016-10-10 00:18:49
6564964,/video/av6564964,2016-10-10 00:18:49
6578950,/video/av6578950/,2016-10-10 10:25:41
6595993,/video/av6595993/,2016-10-10 21:38:18
6595993,/video/av6595993,2016-10-10 23:16:18
6599128,/video/av6599128/,2016-10-10 14:11:21
6605377,/video/av6605377/,2016-10-10 00:09:07
6606873,/video/av6606873,2016-10-10 10:48:37
6611447,/video/av6611447/,2016-10-10 14:21:00
6613103,/video/av6613103/,2016-10-10 15:19:55
6614720,/video/av6614720/,2016-10-10 21:47:32
6614720,/video/av6614720/,2016-10-10 21:46:41
6614720,/video/av6614720/,2016-10-10 21:53:18
6622745,/video/av6622745,2016-10-10 23:42:40
